,precision,recall,f1-score,support
1,0.95,0.9405940594059405,0.945273631840796,101.0
3,0.9508196721311475,0.9720670391061452,0.9613259668508287,179.0
4,0.9801980198019802,0.9658536585365853,0.972972972972973,205.0
accuracy,0.9628865979381444,0.9628865979381444,0.9628865979381444,0.9628865979381444
macro avg,0.9603392306443759,0.9595049190162236,0.9598575238881993,485.0
weighted avg,0.9630666296306832,0.9628865979381444,0.962906070807584,485.0
